{
  "train_loss": [
    6.731858603615579,
    5.7659938416845815,
    5.430491089169445,
    5.475936889322729,
    5.471810082594554,
    5.499523098025817,
    5.539991871581051,
    5.589042875936123,
    5.642379086200005,
    5.6981272316369855,
    5.756139683267458,
    5.8043002131206745,
    5.795595188284181,
    5.788566407935867,
    5.782791329863293,
    5.776920110475822,
    5.771667006888676,
    5.766768488076215,
    5.761861340595725,
    5.757569455709613
  ],
  "val_loss": [
    6.0234375,
    5.54609375,
    5.30078125,
    5.21484375,
    5.16015625,
    5.12890625,
    5.11328125,
    5.109375,
    5.11015625,
    5.11171875,
    5.11171875,
    5.115625,
    5.1125,
    5.1078125,
    5.109375,
    5.10390625,
    5.09921875,
    5.0953125,
    5.09140625,
    5.08984375
  ],
  "gen_loss": [
    7.625982623086471,
    8.179682360680387,
    7.9653495978078315,
    7.106682089153839,
    6.851695692025665,
    6.6943620178041545,
    6.426561392853528,
    6.333333333333333,
    6.198213709243516,
    6.057285180572852,
    5.978582820688084,
    5.927809307604995,
    5.958243011979464,
    5.937002422983731,
    5.924697754749568,
    5.9187364083781615,
    5.920607525025889,
    5.937401486151767,
    5.934060987959941,
    5.926197570479029
  ],
  "avg_active_tokens": [
    12085.0,
    10641.0,
    11313.0,
    11239.0,
    10910.0,
    10784.0,
    9879.0,
    9984.0,
    9293.0,
    8833.0,
    8778.0,
    8810.0,
    8765.0,
    8667.0,
    8685.0,
    8737.0,
    8691.0,
    8882.0,
    8887.0,
    8726.0
  ],
  "bleu": [
    0.7132650581796273,
    0.4369751452691496,
    0.43742033329346247,
    0.7202385790644433,
    0.7819959897101093,
    1.0726287596039992,
    0.8591769936996696,
    0.6468848790932009,
    0.6918823887575638,
    0.45324157576452617,
    0.640934847604192,
    0.5935371742478283,
    0.6019030867609735,
    0.5147301320314545,
    0.5515185070186991,
    0.6048750001911729,
    0.7796227488413715,
    0.7652157281679017,
    0.7529500087928568,
    0.6330848315362821
  ],
  "token_f1": [
    13.911884383330996,
    12.52847380410023,
    12.869095411398343,
    14.55345625616511,
    14.757071740053254,
    14.461315979754158,
    15.974542561654731,
    15.825078521381977,
    15.399762070804446,
    15.660179953965267,
    15.702097255495314,
    15.553499327052489,
    15.391106235760695,
    15.350135317997292,
    15.389183457051963,
    15.398902490502323,
    15.341053165412896,
    15.387858347386171,
    15.03531786074672,
    15.051311288483465
  ],
  "avg_pred_len": [
    12.9169921875,
    10.849609375,
    11.3701171875,
    11.3017578125,
    10.65234375,
    11.0654296875,
    9.8857421875,
    9.7607421875,
    9.26171875,
    8.72265625,
    8.6484375,
    8.7744140625,
    8.61328125,
    8.5615234375,
    8.611328125,
    8.603515625,
    8.6396484375,
    8.7607421875,
    8.84375,
    8.5888671875
  ],
  "attn_entropy": [
    2.5171358371392274,
    1.9992812321736262,
    2.0503843961617885,
    2.1692912517449794,
    2.027280242015154,
    2.1003618851686134,
    2.0997899495638332,
    2.106844192896134,
    2.0341567259568434,
    2.025668746385819,
    2.019940345715254,
    2.031271289556454,
    2.0558188389509153,
    2.0112437223776793,
    2.0387966266045203,
    2.0393837231856127,
    2.0162955125172934,
    2.050537198017805,
    2.029242698962872,
    2.0127080434407945
  ],
  "tf_ratios": [
    1.0,
    1.0,
    1.0,
    0.9,
    0.85,
    0.8,
    0.75,
    0.7,
    0.65,
    0.6,
    0.55,
    0.5,
    0.5,
    0.5,
    0.5,
    0.5,
    0.5,
    0.5,
    0.5,
    0.5
  ],
  "lrs": [
    0.0003,
    0.0003,
    0.0003,
    0.0003,
    0.0003,
    0.0003,
    0.0003,
    0.0003,
    0.0003,
    0.0003,
    0.00015,
    0.00015,
    0.00015,
    0.00015,
    0.00015,
    0.00015,
    0.00015,
    0.00015,
    0.00015,
    0.00015
  ]
}