{
  "train_loss": [
    6.683054103551666,
    5.7459796152479665,
    5.4860236579603185,
    5.541166781076317,
    5.545198427197712,
    5.574112803883891,
    5.615623092065092,
    5.663076246371035,
    5.714883052260498,
    5.769071429479317,
    5.824955197957044,
    5.882268803692907,
    5.860040422020063,
    5.852042328790238,
    5.84576568154038,
    5.840136347898369,
    5.834768082274765,
    5.8294920989724455,
    5.824725419445768,
    5.82037170662906
  ],
  "val_loss": [
    5.93984375,
    5.565625,
    5.3296875,
    5.2671875,
    5.215625,
    5.18359375,
    5.1703125,
    5.16015625,
    5.15859375,
    5.16015625,
    5.16015625,
    5.171875,
    5.15859375,
    5.15234375,
    5.15,
    5.146875,
    5.1375,
    5.134375,
    5.13046875,
    5.13125
  ],
  "gen_loss": [
    8.01094151758849,
    7.9662335512703795,
    8.04377758164166,
    7.247633371671237,
    7.007337785472834,
    6.765499140193683,
    6.512387280493593,
    6.314841351074718,
    6.214522510961395,
    6.092501122586439,
    6.020831000111994,
    5.964475201845444,
    5.974602448232468,
    5.988990825688074,
    5.967775111415838,
    5.952131297013905,
    5.9335793357933575,
    5.933774834437086,
    5.959602875727491,
    5.946742209631728
  ],
  "avg_active_tokens": [
    18279.0,
    12083.0,
    11330.0,
    11303.0,
    12129.0,
    11049.0,
    10535.0,
    9770.0,
    9351.0,
    8908.0,
    8929.0,
    8670.0,
    8741.0,
    8720.0,
    8751.0,
    8774.0,
    8672.0,
    8758.0,
    8763.0,
    8825.0
  ],
  "bleu": [
    0.10254376959411723,
    0.5465990722296311,
    0.6404434883276985,
    0.8032530499298006,
    0.8637653027563914,
    0.7024743947102966,
    0.6594071975417537,
    0.6945580515063766,
    0.6564371628115057,
    0.42920609291011697,
    0.4980562881750781,
    0.4468109859147295,
    0.48287322586307685,
    0.5310734189391108,
    0.51208808454296,
    0.6263417280175575,
    0.6381603442235363,
    0.5638537720498804,
    0.7484807101354641,
    0.7331127342083614
  ],
  "token_f1": [
    2.185935881159801,
    13.531659186171593,
    13.72778297474275,
    14.558795134195792,
    14.907348001660564,
    14.629615295301493,
    15.58226600985222,
    15.960299355664946,
    15.808958138399575,
    15.738851646750218,
    14.921760901314416,
    15.40273396424816,
    15.366450198195158,
    15.755383580080753,
    15.613038906414298,
    15.789031662047535,
    15.52188552188552,
    15.80808080808081,
    15.45523456582161,
    15.987553088600142
  ],
  "avg_pred_len": [
    51.0,
    11.404296875,
    10.48828125,
    11.2216796875,
    11.322265625,
    10.5380859375,
    10.08984375,
    9.7734375,
    9.404296875,
    8.9111328125,
    8.78125,
    8.548828125,
    8.533203125,
    8.62109375,
    8.6669921875,
    8.6533203125,
    8.587890625,
    8.6416015625,
    8.611328125,
    8.7314453125
  ],
  "attn_entropy": [
    null,
    null,
    null,
    null,
    null,
    null,
    null,
    null,
    null,
    null,
    null,
    null,
    null,
    null,
    null,
    null,
    null,
    null,
    null,
    null
  ],
  "tf_ratios": [
    1.0,
    1.0,
    1.0,
    0.9,
    0.85,
    0.8,
    0.75,
    0.7,
    0.65,
    0.6,
    0.55,
    0.5,
    0.5,
    0.5,
    0.5,
    0.5,
    0.5,
    0.5,
    0.5,
    0.5
  ],
  "lrs": [
    0.0003,
    0.0003,
    0.0003,
    0.0003,
    0.0003,
    0.0003,
    0.0003,
    0.0003,
    0.0003,
    0.0003,
    0.0003,
    0.00015,
    0.00015,
    0.00015,
    0.00015,
    0.00015,
    0.00015,
    0.00015,
    0.00015,
    0.00015
  ]
}